macro_id,required,best_chain,best_value,lowest_cost_equivalent,longest_accretive,pareto_count,dominated_count,exact_match
0,INSPECT -> SPLIT -> REPRESENT -> COMPARE -> INFER,INSPECT -> SPLIT -> REPRESENT -> COMPARE -> INFER,1.25,INSPECT -> SPLIT -> REPRESENT -> COMPARE -> INFER,INSPECT -> SPLIT -> REPRESENT -> COMPARE -> INFER,5,3335,True
1,COMPILE -> INSPECT -> INSPECT -> TEST -> CHALLENGE -> CLOSE,COMPILE -> INSPECT -> INSPECT -> TEST -> CHALLENGE -> CLOSE,1.2,COMPILE -> INSPECT -> INSPECT -> TEST -> CHALLENGE -> CLOSE,COMPILE -> INSPECT -> INSPECT -> TEST -> CHALLENGE -> CLOSE,6,5894,True
2,TEST -> INSPECT -> SPLIT -> INFER -> TEST -> UPDATE -> TEST,TEST -> INSPECT -> SPLIT -> INFER -> TEST -> UPDATE -> TEST,1.15,TEST -> INSPECT -> SPLIT -> INFER -> TEST -> UPDATE -> TEST,TEST -> INSPECT -> SPLIT -> INFER -> TEST -> UPDATE -> TEST,7,8453,True
3,COMPILE -> EXPAND -> EVALUATE -> TEST -> SELECT,COMPILE -> EXPAND -> EVALUATE -> TEST -> SELECT,1.25,COMPILE -> EXPAND -> EVALUATE -> TEST -> SELECT,COMPILE -> EXPAND -> EVALUATE -> TEST -> SELECT,5,3335,True
4,VERIFY -> ACT -> INSPECT -> TEST -> VERIFY,VERIFY -> ACT -> INSPECT -> TEST -> VERIFY,1.25,VERIFY -> ACT -> INSPECT -> TEST -> VERIFY,VERIFY -> ACT -> INSPECT -> TEST -> VERIFY,5,1359,True
5,COMPILE -> EXPAND -> REPRESENT -> EVALUATE -> CHALLENGE -> SELECT -> COMPILE,COMPILE -> EXPAND -> REPRESENT -> EVALUATE -> CHALLENGE -> SELECT -> COMPILE,1.15,COMPILE -> EXPAND -> REPRESENT -> EVALUATE -> CHALLENGE -> SELECT -> COMPILE,COMPILE -> EXPAND -> REPRESENT -> EVALUATE -> CHALLENGE -> SELECT -> COMPILE,7,10763,True
6,ACQUIRE -> REPRESENT -> INFER -> INFER -> CHALLENGE -> CLOSE,ACQUIRE -> REPRESENT -> INFER -> INFER -> CHALLENGE -> CLOSE,1.2,ACQUIRE -> REPRESENT -> INFER -> INFER -> CHALLENGE -> CLOSE,ACQUIRE -> REPRESENT -> INFER -> INFER -> CHALLENGE -> CLOSE,6,5894,True
7,INSPECT -> COMPILE -> ACT -> TEST -> VERIFY,INSPECT -> COMPILE -> ACT -> TEST -> VERIFY,1.25,INSPECT -> COMPILE -> ACT -> TEST -> VERIFY,INSPECT -> COMPILE -> ACT -> TEST -> VERIFY,5,3335,True
8,ACQUIRE -> INSPECT -> INFER -> TEST -> UPDATE,ACQUIRE -> INSPECT -> INFER -> TEST -> UPDATE,1.25,ACQUIRE -> INSPECT -> INFER -> TEST -> UPDATE,ACQUIRE -> INSPECT -> INFER -> TEST -> UPDATE,5,3335,True
9,INSPECT -> REPRESENT -> TRANSFORM -> ACT -> UPDATE -> VERIFY,INSPECT -> REPRESENT -> TRANSFORM -> ACT -> UPDATE -> VERIFY,1.2,INSPECT -> REPRESENT -> TRANSFORM -> ACT -> UPDATE -> VERIFY,INSPECT -> REPRESENT -> TRANSFORM -> ACT -> UPDATE -> VERIFY,6,7692,True
10,COMPILE -> COMPILE -> EXPAND -> EVALUATE -> SELECT -> TRANSFORM -> TEST -> CONTROL,COMPILE -> COMPILE -> EXPAND -> EVALUATE -> SELECT -> TRANSFORM -> TEST -> CONTROL,1.1,COMPILE -> COMPILE -> EXPAND -> EVALUATE -> SELECT -> TRANSFORM -> TEST -> CONTROL,COMPILE -> COMPILE -> EXPAND -> EVALUATE -> SELECT -> TRANSFORM -> TEST -> CONTROL,8,17128,True
11,COMPILE -> SPLIT -> REPRESENT -> EVALUATE -> REPRESENT,COMPILE -> SPLIT -> REPRESENT -> EVALUATE -> REPRESENT,1.25,COMPILE -> SPLIT -> REPRESENT -> EVALUATE -> REPRESENT,COMPILE -> SPLIT -> REPRESENT -> EVALUATE -> REPRESENT,5,1359,True
12,COMPILE -> EXPAND -> EVALUATE -> TRANSFORM,COMPILE -> EXPAND -> EVALUATE -> TRANSFORM,1.3,COMPILE -> EXPAND -> EVALUATE -> TRANSFORM,COMPILE -> EXPAND -> EVALUATE -> TRANSFORM,4,336,True
13,INSPECT -> COMPILE -> TRANSFORM -> TEST -> VERIFY,INSPECT -> COMPILE -> TRANSFORM -> TEST -> VERIFY,1.25,INSPECT -> COMPILE -> TRANSFORM -> TEST -> VERIFY,INSPECT -> COMPILE -> TRANSFORM -> TEST -> VERIFY,5,3335,True
14,COMPILE -> ACQUIRE -> INSPECT -> REPRESENT -> EXPAND -> COMPARE -> CHALLENGE -> INFER -> VERIFY,COMPILE -> ACQUIRE -> INSPECT -> REPRESENT -> EXPAND -> COMPARE -> CHALLENGE -> INFER -> VERIFY,1.05,COMPILE -> ACQUIRE -> INSPECT -> REPRESENT -> EXPAND -> COMPARE -> CHALLENGE -> INFER -> VERIFY,COMPILE -> ACQUIRE -> INSPECT -> REPRESENT -> EXPAND -> COMPARE -> CHALLENGE -> INFER -> VERIFY,9,28458,True
15,INSPECT -> COMPARE -> CHALLENGE -> CLOSE,INSPECT -> COMPARE -> CHALLENGE -> CLOSE,1.3,INSPECT -> COMPARE -> CHALLENGE -> CLOSE,INSPECT -> COMPARE -> CHALLENGE -> CLOSE,4,336,True
16,COMPILE -> REPRESENT -> SPLIT -> EXPAND -> EVALUATE -> TEST -> SELECT -> VERIFY,COMPILE -> REPRESENT -> SPLIT -> EXPAND -> EVALUATE -> TEST -> SELECT -> VERIFY,1.1,COMPILE -> REPRESENT -> SPLIT -> EXPAND -> EVALUATE -> TEST -> SELECT -> VERIFY,COMPILE -> REPRESENT -> SPLIT -> EXPAND -> EVALUATE -> TEST -> SELECT -> VERIFY,8,21056,True
17,ACQUIRE -> INSPECT -> COMPARE -> UPDATE -> INFER -> REPRESENT,ACQUIRE -> INSPECT -> COMPARE -> UPDATE -> INFER -> REPRESENT,1.2,ACQUIRE -> INSPECT -> COMPARE -> UPDATE -> INFER -> REPRESENT,ACQUIRE -> INSPECT -> COMPARE -> UPDATE -> INFER -> REPRESENT,6,7692,True
18,EVALUATE -> REPRESENT -> SPLIT -> INFER -> REPRESENT -> TEST -> UPDATE,EVALUATE -> REPRESENT -> SPLIT -> INFER -> REPRESENT -> TEST -> UPDATE,1.15,EVALUATE -> REPRESENT -> SPLIT -> INFER -> REPRESENT -> TEST -> UPDATE,EVALUATE -> REPRESENT -> SPLIT -> INFER -> REPRESENT -> TEST -> UPDATE,7,10763,True
19,INSPECT -> TRANSFORM -> INFER -> TEST -> UPDATE,INSPECT -> TRANSFORM -> INFER -> TEST -> UPDATE,1.25,INSPECT -> TRANSFORM -> INFER -> TEST -> UPDATE,INSPECT -> TRANSFORM -> INFER -> TEST -> UPDATE,5,3335,True
