a,b,synergy,order_effect,macro_ab,macro_ba
COMPILE,ACQUIRE,0.02,1.5,1,0
COMPILE,INSPECT,0.06,-1.5,1,2
COMPILE,REPRESENT,0.02,1.5,1,0
COMPILE,SPLIT,0.02,1.5,1,0
COMPILE,EXPAND,0.08,1.5,4,0
COMPILE,COMPARE,0.0,0.0,0,0
COMPILE,INFER,0.0,0.0,0,0
COMPILE,CHALLENGE,0.0,0.0,0,0
COMPILE,TEST,0.0,0.0,0,0
COMPILE,UPDATE,0.0,0.0,0,0
COMPILE,EVALUATE,0.0,0.0,0,0
COMPILE,SELECT,0.02,-1.5,0,1
COMPILE,TRANSFORM,0.02,1.5,1,0
COMPILE,ACT,0.02,1.5,1,0
COMPILE,VERIFY,0.0,0.0,0,0
COMPILE,CONTROL,0.0,0.0,0,0
COMPILE,CLOSE,0.0,0.0,0,0
ACQUIRE,INSPECT,0.06,1.5,3,0
ACQUIRE,REPRESENT,0.02,1.5,1,0
ACQUIRE,SPLIT,0.0,0.0,0,0
ACQUIRE,EXPAND,0.0,0.0,0,0
ACQUIRE,COMPARE,0.0,0.0,0,0
ACQUIRE,INFER,0.0,0.0,0,0
ACQUIRE,CHALLENGE,0.0,0.0,0,0
ACQUIRE,TEST,0.0,0.0,0,0
ACQUIRE,UPDATE,0.0,0.0,0,0
ACQUIRE,EVALUATE,0.0,0.0,0,0
ACQUIRE,SELECT,0.0,0.0,0,0
ACQUIRE,TRANSFORM,0.0,0.0,0,0
ACQUIRE,ACT,0.0,0.0,0,0
ACQUIRE,VERIFY,0.0,0.0,0,0
ACQUIRE,CONTROL,0.0,0.0,0,0
ACQUIRE,CLOSE,0.0,0.0,0,0
INSPECT,REPRESENT,0.04,1.5,2,0
INSPECT,SPLIT,0.04,1.5,2,0
INSPECT,EXPAND,0.0,0.0,0,0
INSPECT,COMPARE,0.04,1.5,2,0
INSPECT,INFER,0.02,1.5,1,0
INSPECT,CHALLENGE,0.0,0.0,0,0
INSPECT,TEST,0.06,1.5,2,1
INSPECT,UPDATE,0.0,0.0,0,0
INSPECT,EVALUATE,0.0,0.0,0,0
INSPECT,SELECT,0.0,0.0,0,0
INSPECT,TRANSFORM,0.02,1.5,1,0
INSPECT,ACT,0.02,-1.5,0,1
INSPECT,VERIFY,0.0,0.0,0,0
INSPECT,CONTROL,0.0,0.0,0,0
INSPECT,CLOSE,0.0,0.0,0,0
REPRESENT,SPLIT,0.08,0.0,2,2
REPRESENT,EXPAND,0.04,0.0,1,1
REPRESENT,COMPARE,0.02,1.5,1,0
REPRESENT,INFER,0.06,-1.5,1,2
REPRESENT,CHALLENGE,0.0,0.0,0,0
REPRESENT,TEST,0.02,1.5,1,0
REPRESENT,UPDATE,0.0,0.0,0,0
REPRESENT,EVALUATE,0.08,0.0,2,2
REPRESENT,SELECT,0.0,0.0,0,0
REPRESENT,TRANSFORM,0.02,1.5,1,0
REPRESENT,ACT,0.0,0.0,0,0
REPRESENT,VERIFY,0.0,0.0,0,0
REPRESENT,CONTROL,0.0,0.0,0,0
REPRESENT,CLOSE,0.0,0.0,0,0
SPLIT,EXPAND,0.02,1.5,1,0
SPLIT,COMPARE,0.0,0.0,0,0
SPLIT,INFER,0.04,1.5,2,0
SPLIT,CHALLENGE,0.0,0.0,0,0
SPLIT,TEST,0.0,0.0,0,0
SPLIT,UPDATE,0.0,0.0,0,0
SPLIT,EVALUATE,0.0,0.0,0,0
SPLIT,SELECT,0.0,0.0,0,0
SPLIT,TRANSFORM,0.0,0.0,0,0
SPLIT,ACT,0.0,0.0,0,0
SPLIT,VERIFY,0.0,0.0,0,0
SPLIT,CONTROL,0.0,0.0,0,0
SPLIT,CLOSE,0.0,0.0,0,0
EXPAND,COMPARE,0.02,1.5,1,0
EXPAND,INFER,0.0,0.0,0,0
EXPAND,CHALLENGE,0.0,0.0,0,0
EXPAND,TEST,0.0,0.0,0,0
EXPAND,UPDATE,0.0,0.0,0,0
EXPAND,EVALUATE,0.08,1.5,4,0
EXPAND,SELECT,0.0,0.0,0,0
EXPAND,TRANSFORM,0.0,0.0,0,0
EXPAND,ACT,0.0,0.0,0,0
EXPAND,VERIFY,0.0,0.0,0,0
EXPAND,CONTROL,0.0,0.0,0,0
EXPAND,CLOSE,0.0,0.0,0,0
COMPARE,INFER,0.02,1.5,1,0
COMPARE,CHALLENGE,0.04,1.5,2,0
COMPARE,TEST,0.0,0.0,0,0
COMPARE,UPDATE,0.02,1.5,1,0
COMPARE,EVALUATE,0.0,0.0,0,0
COMPARE,SELECT,0.0,0.0,0,0
COMPARE,TRANSFORM,0.0,0.0,0,0
COMPARE,ACT,0.0,0.0,0,0
COMPARE,VERIFY,0.0,0.0,0,0
COMPARE,CONTROL,0.0,0.0,0,0
COMPARE,CLOSE,0.0,0.0,0,0
INFER,CHALLENGE,0.04,0.0,1,1
INFER,TEST,0.06,1.5,3,0
INFER,UPDATE,0.02,-1.5,0,1
INFER,EVALUATE,0.0,0.0,0,0
INFER,SELECT,0.0,0.0,0,0
INFER,TRANSFORM,0.02,-1.5,0,1
INFER,ACT,0.0,0.0,0,0
INFER,VERIFY,0.02,1.5,1,0
INFER,CONTROL,0.0,0.0,0,0
INFER,CLOSE,0.0,0.0,0,0
CHALLENGE,TEST,0.02,-1.5,0,1
CHALLENGE,UPDATE,0.0,0.0,0,0
CHALLENGE,EVALUATE,0.02,-1.5,0,1
CHALLENGE,SELECT,0.02,1.5,1,0
CHALLENGE,TRANSFORM,0.0,0.0,0,0
CHALLENGE,ACT,0.0,0.0,0,0
CHALLENGE,VERIFY,0.0,0.0,0,0
CHALLENGE,CONTROL,0.0,0.0,0,0
CHALLENGE,CLOSE,0.06,1.5,3,0
TEST,UPDATE,0.1,1.5,4,1
TEST,EVALUATE,0.04,-1.5,0,2
TEST,SELECT,0.04,1.5,2,0
TEST,TRANSFORM,0.04,-1.5,0,2
TEST,ACT,0.02,-1.5,0,1
TEST,VERIFY,0.06,1.5,3,0
TEST,CONTROL,0.02,1.5,1,0
TEST,CLOSE,0.0,0.0,0,0
UPDATE,EVALUATE,0.0,0.0,0,0
UPDATE,SELECT,0.0,0.0,0,0
UPDATE,TRANSFORM,0.0,0.0,0,0
UPDATE,ACT,0.02,-1.5,0,1
UPDATE,VERIFY,0.02,1.5,1,0
UPDATE,CONTROL,0.0,0.0,0,0
UPDATE,CLOSE,0.0,0.0,0,0
EVALUATE,SELECT,0.02,1.5,1,0
EVALUATE,TRANSFORM,0.02,1.5,1,0
EVALUATE,ACT,0.0,0.0,0,0
EVALUATE,VERIFY,0.0,0.0,0,0
EVALUATE,CONTROL,0.0,0.0,0,0
EVALUATE,CLOSE,0.0,0.0,0,0
SELECT,TRANSFORM,0.02,1.5,1,0
SELECT,ACT,0.0,0.0,0,0
SELECT,VERIFY,0.02,1.5,1,0
SELECT,CONTROL,0.0,0.0,0,0
SELECT,CLOSE,0.0,0.0,0,0
TRANSFORM,ACT,0.02,1.5,1,0
TRANSFORM,VERIFY,0.0,0.0,0,0
TRANSFORM,CONTROL,0.0,0.0,0,0
TRANSFORM,CLOSE,0.0,0.0,0,0
ACT,VERIFY,0.02,-1.5,0,1
ACT,CONTROL,0.0,0.0,0,0
ACT,CLOSE,0.0,0.0,0,0
VERIFY,CONTROL,0.0,0.0,0,0
VERIFY,CLOSE,0.0,0.0,0,0
CONTROL,CLOSE,0.0,0.0,0,0
