state,operator,applicability,marginal_gain,cost,marginal_net,voc_net,evsi_net
UNRESOLVED_DISCRIMINATOR,COMPILE,APPLICABLE,1.0,0.050000000000000044,0.95,0.7999999999999999,-0.050000000000000044
UNRESOLVED_DISCRIMINATOR,ACQUIRE,APPLICABLE,1.3,0.050000000000000044,1.25,0.665,1.0419999999999998
UNRESOLVED_DISCRIMINATOR,INSPECT,APPLICABLE,1.3,0.050000000000000044,1.25,0.665,1.0419999999999998
UNRESOLVED_DISCRIMINATOR,REPRESENT,APPLICABLE,1.0,0.050000000000000044,0.95,0.7999999999999999,-0.050000000000000044
UNRESOLVED_DISCRIMINATOR,SPLIT,APPLICABLE,1.35,0.050000000000000044,1.3,1.0975,-0.050000000000000044
UNRESOLVED_DISCRIMINATOR,EXPAND,APPLICABLE,1.35,0.050000000000000044,1.3,1.0975,-0.050000000000000044
UNRESOLVED_DISCRIMINATOR,COMPARE,APPLICABLE,1.35,0.050000000000000044,1.3,1.0975,-0.050000000000000044
UNRESOLVED_DISCRIMINATOR,INFER,APPLICABLE,1.35,0.050000000000000044,1.3,1.0975,-0.050000000000000044
UNRESOLVED_DISCRIMINATOR,CHALLENGE,APPLICABLE,1.35,0.050000000000000044,1.3,1.0975,-0.050000000000000044
UNRESOLVED_DISCRIMINATOR,TEST,APPLICABLE,1.6500000000000001,0.050000000000000044,1.6,0.8575000000000002,1.3359999999999999
UNRESOLVED_DISCRIMINATOR,UPDATE,APPLICABLE,1.0,0.050000000000000044,0.95,0.7999999999999999,-0.050000000000000044
UNRESOLVED_DISCRIMINATOR,EVALUATE,APPLICABLE,1.0,0.050000000000000044,0.95,0.7999999999999999,-0.050000000000000044
UNRESOLVED_DISCRIMINATOR,SELECT,APPLICABLE,1.0,0.050000000000000044,0.95,0.7999999999999999,-0.050000000000000044
UNRESOLVED_DISCRIMINATOR,TRANSFORM,APPLICABLE,1.0,0.050000000000000044,0.95,0.5,-0.050000000000000044
UNRESOLVED_DISCRIMINATOR,ACT,APPLICABLE,1.0,0.050000000000000044,0.95,0.5,-0.050000000000000044
UNRESOLVED_DISCRIMINATOR,VERIFY,APPLICABLE,1.35,0.050000000000000044,1.3,0.6925000000000001,1.0839999999999999
UNRESOLVED_DISCRIMINATOR,CONTROL,APPLICABLE,1.0,0.050000000000000044,0.95,0.7999999999999999,-0.050000000000000044
UNRESOLVED_DISCRIMINATOR,CLOSE,IRRELEVANT,0.0,0.050000000000000044,-0.050000000000000044,-0.050000000000000044,-0.050000000000000044
UNRESOLVED_NO_DISCRIMINATOR,COMPILE,APPLICABLE,1.0,0.050000000000000044,0.95,0.7999999999999999,-0.050000000000000044
UNRESOLVED_NO_DISCRIMINATOR,ACQUIRE,APPLICABLE,1.0,0.050000000000000044,0.95,0.5,0.6499999999999999
UNRESOLVED_NO_DISCRIMINATOR,INSPECT,APPLICABLE,1.0,0.050000000000000044,0.95,0.5,0.6499999999999999
UNRESOLVED_NO_DISCRIMINATOR,REPRESENT,APPLICABLE,1.0,0.050000000000000044,0.95,0.7999999999999999,-0.050000000000000044
UNRESOLVED_NO_DISCRIMINATOR,SPLIT,APPLICABLE,1.35,0.050000000000000044,1.3,1.0975,-0.050000000000000044
UNRESOLVED_NO_DISCRIMINATOR,EXPAND,APPLICABLE,1.35,0.050000000000000044,1.3,1.0975,-0.050000000000000044
UNRESOLVED_NO_DISCRIMINATOR,COMPARE,APPLICABLE,1.35,0.050000000000000044,1.3,1.0975,-0.050000000000000044
UNRESOLVED_NO_DISCRIMINATOR,INFER,APPLICABLE,1.35,0.050000000000000044,1.3,1.0975,-0.050000000000000044
UNRESOLVED_NO_DISCRIMINATOR,CHALLENGE,APPLICABLE,1.35,0.050000000000000044,1.3,1.0975,-0.050000000000000044
UNRESOLVED_NO_DISCRIMINATOR,TEST,APPLICABLE,1.35,0.050000000000000044,1.3,0.6925000000000001,0.8949999999999999
UNRESOLVED_NO_DISCRIMINATOR,UPDATE,APPLICABLE,1.0,0.050000000000000044,0.95,0.7999999999999999,-0.050000000000000044
UNRESOLVED_NO_DISCRIMINATOR,EVALUATE,APPLICABLE,1.0,0.050000000000000044,0.95,0.7999999999999999,-0.050000000000000044
UNRESOLVED_NO_DISCRIMINATOR,SELECT,APPLICABLE,1.0,0.050000000000000044,0.95,0.7999999999999999,-0.050000000000000044
UNRESOLVED_NO_DISCRIMINATOR,TRANSFORM,APPLICABLE,1.0,0.050000000000000044,0.95,0.5,-0.050000000000000044
UNRESOLVED_NO_DISCRIMINATOR,ACT,APPLICABLE,1.0,0.050000000000000044,0.95,0.5,-0.050000000000000044
UNRESOLVED_NO_DISCRIMINATOR,VERIFY,APPLICABLE,1.35,0.050000000000000044,1.3,0.6925000000000001,0.8949999999999999
UNRESOLVED_NO_DISCRIMINATOR,CONTROL,APPLICABLE,1.0,0.050000000000000044,0.95,0.7999999999999999,-0.050000000000000044
UNRESOLVED_NO_DISCRIMINATOR,CLOSE,IRRELEVANT,0.0,0.050000000000000044,-0.050000000000000044,-0.050000000000000044,-0.050000000000000044
RESOLVED_OPEN,COMPILE,APPLICABLE,1.0,0.050000000000000044,0.95,0.7999999999999999,-0.050000000000000044
RESOLVED_OPEN,ACQUIRE,APPLICABLE,1.0,0.050000000000000044,0.95,0.5,0.08999999999999994
RESOLVED_OPEN,INSPECT,APPLICABLE,1.0,0.050000000000000044,0.95,0.5,0.08999999999999994
RESOLVED_OPEN,REPRESENT,APPLICABLE,1.0,0.050000000000000044,0.95,0.7999999999999999,-0.050000000000000044
RESOLVED_OPEN,SPLIT,IRRELEVANT,0.0,0.050000000000000044,-0.050000000000000044,-0.050000000000000044,-0.050000000000000044
RESOLVED_OPEN,EXPAND,APPLICABLE,1.0,0.050000000000000044,0.95,0.7999999999999999,-0.050000000000000044
RESOLVED_OPEN,COMPARE,APPLICABLE,1.0,0.050000000000000044,0.95,0.7999999999999999,-0.050000000000000044
RESOLVED_OPEN,INFER,APPLICABLE,1.0,0.050000000000000044,0.95,0.7999999999999999,-0.050000000000000044
RESOLVED_OPEN,CHALLENGE,APPLICABLE,1.0,0.050000000000000044,0.95,0.7999999999999999,-0.050000000000000044
RESOLVED_OPEN,TEST,IRRELEVANT,0.0,0.050000000000000044,-0.050000000000000044,-0.050000000000000044,-0.050000000000000044
RESOLVED_OPEN,UPDATE,APPLICABLE,1.0,0.050000000000000044,0.95,0.7999999999999999,-0.050000000000000044
RESOLVED_OPEN,EVALUATE,APPLICABLE,1.0,0.050000000000000044,0.95,0.7999999999999999,-0.050000000000000044
RESOLVED_OPEN,SELECT,APPLICABLE,1.0,0.050000000000000044,0.95,0.7999999999999999,-0.050000000000000044
RESOLVED_OPEN,TRANSFORM,APPLICABLE,1.0,0.050000000000000044,0.95,0.5,-0.050000000000000044
RESOLVED_OPEN,ACT,APPLICABLE,1.0,0.050000000000000044,0.95,0.5,-0.050000000000000044
RESOLVED_OPEN,VERIFY,APPLICABLE,1.0,0.050000000000000044,0.95,0.5,0.08999999999999994
RESOLVED_OPEN,CONTROL,APPLICABLE,1.0,0.050000000000000044,0.95,0.7999999999999999,-0.050000000000000044
RESOLVED_OPEN,CLOSE,APPLICABLE,1.0,0.050000000000000044,0.95,0.7999999999999999,-0.050000000000000044
SOLVED,COMPILE,ALREADY_SATURATED,0.0,0.050000000000000044,-0.050000000000000044,-0.050000000000000044,-0.050000000000000044
SOLVED,ACQUIRE,ALREADY_SATURATED,0.0,0.050000000000000044,-0.050000000000000044,-0.050000000000000044,-0.050000000000000044
SOLVED,INSPECT,ALREADY_SATURATED,0.0,0.050000000000000044,-0.050000000000000044,-0.050000000000000044,-0.050000000000000044
SOLVED,REPRESENT,ALREADY_SATURATED,0.0,0.050000000000000044,-0.050000000000000044,-0.050000000000000044,-0.050000000000000044
SOLVED,SPLIT,ALREADY_SATURATED,0.0,0.050000000000000044,-0.050000000000000044,-0.050000000000000044,-0.050000000000000044
SOLVED,EXPAND,ALREADY_SATURATED,0.0,0.050000000000000044,-0.050000000000000044,-0.050000000000000044,-0.050000000000000044
SOLVED,COMPARE,ALREADY_SATURATED,0.0,0.050000000000000044,-0.050000000000000044,-0.050000000000000044,-0.050000000000000044
SOLVED,INFER,ALREADY_SATURATED,0.0,0.050000000000000044,-0.050000000000000044,-0.050000000000000044,-0.050000000000000044
SOLVED,CHALLENGE,ALREADY_SATURATED,0.0,0.050000000000000044,-0.050000000000000044,-0.050000000000000044,-0.050000000000000044
SOLVED,TEST,ALREADY_SATURATED,0.0,0.050000000000000044,-0.050000000000000044,-0.050000000000000044,-0.050000000000000044
SOLVED,UPDATE,ALREADY_SATURATED,0.0,0.050000000000000044,-0.050000000000000044,-0.050000000000000044,-0.050000000000000044
SOLVED,EVALUATE,ALREADY_SATURATED,0.0,0.050000000000000044,-0.050000000000000044,-0.050000000000000044,-0.050000000000000044
SOLVED,SELECT,ALREADY_SATURATED,0.0,0.050000000000000044,-0.050000000000000044,-0.050000000000000044,-0.050000000000000044
SOLVED,TRANSFORM,ALREADY_SATURATED,0.0,0.050000000000000044,-0.050000000000000044,-0.050000000000000044,-0.050000000000000044
SOLVED,ACT,ALREADY_SATURATED,0.0,0.050000000000000044,-0.050000000000000044,-0.050000000000000044,-0.050000000000000044
SOLVED,VERIFY,ALREADY_SATURATED,0.0,0.050000000000000044,-0.050000000000000044,-0.050000000000000044,-0.050000000000000044
SOLVED,CONTROL,ALREADY_SATURATED,0.0,0.050000000000000044,-0.050000000000000044,-0.050000000000000044,-0.050000000000000044
SOLVED,CLOSE,APPLICABLE,1.0,0.050000000000000044,0.95,0.7999999999999999,-0.050000000000000044
